query,title,clicked
deep learning,Deep Learning Basics,1
deep learning,Deep Learning Basics,1
deep learning,Deep Learning Basics,1
deep learning,Deep Learning Basics,1
deep learning,Deep Learning Basics,1
deep learning,FastAPI Backend Development,1
deep learning,FastAPI Backend Development,1
deep learning,FastAPI Backend Development,1
deep learning,FastAPI Backend Development,1
deep learning tutorial,Deep Learning Basics,1
deep learning tutorial,Deep Learning Basics,1
deep learning tutorial,Deep Learning Basics,1
deep learning tutorial,Deep Learning Basics,1
machine learning,Deep Learning Basics Deep learning uses neural networks for AI applications,1
machine learning,FastAPI Backend Development FastAPI is used for building machine learning APIs,1
deep learning,Deep Learning Basics,1
deep learning,Deep Learning Basics,1
deep learning,Deep Learning Basics,1
deep learning,Deep Learning Basics,1
deep learning,Deep Learning Basics,1
deep learning,Deep Learning Basics,1
deep learning,Deep Learning Basics,1
deep learning,Semantic Search Systems,1
deep learning,Semantic Search Systems,1
deep learning,Semantic Search Systems,1
deep learning,Semantic Search Systems,1
deep learning,Semantic Search Systems,1
deep learning,Semantic Search Systems,1
deep learning,Semantic Search Systems,1
deep learning,Semantic Search Systems,1
deep learning,Semantic Search Systems,1
